smiles,pred_InhA,pred_KasA,pred_DprE1,MTRS
COc1ccc(S(=O)(=O)N(CC(C)C)C[C@@H](O)[C@H](Cc2ccccc2)NC(=O)O[C@@H]2C[C@@H]3[C@@H](OC(=O)N(C)C)CO[C@@H]3C2)cc1,10.346403,5.6805964,9.3245125,7.896107
COc1ccc(S(=O)(=O)N(CC(C)C)C[C@@H](O)[C@H](Cc2ccc(OCP(=O)(OC)OC)cc2)NC(=O)O[C@H]2CO[C@H]3OCC[C@H]32)cc1,10.15212,5.5851893,9.082469,7.738965
COc1ccc(S(=O)(=O)N(CC(C)C)C[C@@H](O)[C@H](Cc2ccccc2)NC(=O)O[C@@H]2C[C@@H]3OC(=O)N(C)[C@@H]3C2)cc1,10.040812,5.60162,9.016182,7.711586
COc1ccc(S(=O)(=O)N(CC(C)C)C[C@@H](O)[C@H](Cc2ccccc2)NC(=O)O[C@H]2C[C@H]3CO[C@H]4OC2C[C@@H]34)cc1,9.983215,5.566935,8.895798,7.648909
COc1ccc(S(=O)(=O)N(CC(C)C)C[C@@H](O)[C@H](Cc2ccccc2)NC(=O)O[C@H]2C[C@H]3CO[C@H]4O[C@H](C)C[C@@H]2[C@@H]34)cc1,9.96594,5.5671744,8.878786,7.6414804
COc1ccc(S(=O)(=O)N(CC(C)C)C[C@@H](O)[C@H](Cc2ccccc2)NC(=O)O[C@H]2C[C@H]3OC(=O)N(c4ccccc4)[C@H]3C2)cc1,9.81754,5.5291734,8.837988,7.578335
COc1ccc(S(=O)(=O)N(CC(C)C)C[C@@H](O)[C@H](Cc2ccccc2)NC(=O)O[C@@H]2C[C@@H]3[C@H](OC)CO[C@@H]3C2)cc1,9.760476,5.5141582,8.638203,7.508067
COC(=O)N[C@H](C(=O)NN(CC(C)C)C[C@H](O)[C@H](Cc1ccccc1)NC(=O)[C@@H]1CN(c2ccccc2)C(=O)O1)C(C)(C)C,9.524487,5.5241957,8.481113,7.4271507
CO[C@@H]1CO[C@H]2[C@@H]1OC[C@@H]2OC(=O)N[C@@H](Cc1ccccc1)[C@H](O)CN(CC(C)C)S(=O)(=O)c1ccc(N)cc1,9.358874,5.439172,8.23923,7.2802715
COc1ccc(S(=O)(=O)N(CC(C)C)C[C@@H](O)[C@H](Cc2ccccc2)NC(=O)O[C@@H]2C[C@@H]3[C@H](C)CO[C@@H]3C2)cc1,9.315128,5.4728026,8.058046,7.2433405
CC[C@H]1OC(=O)[C@@H](C)[C@H](O[C@@H]2C[C@](C)(OC)[C@@](O)(CN(C)Cc3ccc(-c4cn(CC(=O)NO)nn4)cc3)[C@@H](C)O2)[C@H](C)[C@H](O[C@H]2O[C@@H](C)C[C@@H](N(C)C)[C@@H]2O)[C@@](C)(O)C[C@H](C)CN(C)[C@@H](C)[C@H](O)[C@@]1(C)O,8.69418,5.5351777,8.125223,7.1640816
COc1ccc(S(=O)(=O)N(CC(C)C)C[C@@H](O)[C@H](Cc2ccccc2)NC(=O)c2ccc3c(c2)[C@@H](NC(=O)OC(C)(C)C)CC[C@@H]3O)cc1,9.084822,5.397818,7.986222,7.133526
CC(C)CN(C[C@@H](O)[C@H](Cc1ccccc1)NC(=O)O[C@@H]1C[C@@H]2[C@H](O)CO[C@@H]2C1)S(=O)(=O)c1ccc(CO)cc1,9.090927,5.427685,7.8961535,7.127848
C=CCCCOc1cc(OC)ccc1S(=O)(=O)N(CC=C)C[C@@H](O)[C@H](Cc1ccccc1)NC(=O)O[C@H]1CO[C@H]2OCC[C@H]21,8.995104,5.527757,7.6009903,7.081508
CCCCCN(C[C@@H](O)[C@H](Cc1ccccc1)NC(=O)O[C@H](C)CC(=O)OC)S(=O)(=O)c1ccc(OC)cc1,8.975775,5.511685,7.626583,7.0760717
COc1ccc(S(=O)(=O)N(CC(C)C)C[C@@H](O)[C@H](Cc2ccccc2)NC(=O)[C@@H]2CN(c3ccc(F)cc3F)C(=O)O2)cc1,8.976137,5.339512,7.950628,7.067707
CC[C@H](C)[C@H](NC(=O)[C@@H](N)CO)C(=O)N[C@H](C(=O)N[C@@H](CCC(=O)O)C(=O)NC12NC(=O)C3(O)C4C5CC(C6C5C3C61)C42)C(C)C,8.595839,5.463964,7.841871,7.027847
CC(=O)c1cccc(N2CC(C(=O)NN(Cc3ccc(-c4ccccn4)cc3)CC(O)[C@H](Cc3ccccc3)NC(=O)[C@@H]3CN(c4cccc(C(C)=O)c4)C(=O)O3)OC2=O)c1,8.676964,5.375725,7.9559865,7.026408
CC(C)[C@H](NC(=O)OCc1ccccc1)C(=O)N[C@@H](Cc1ccccc1)[C@@H](O)[C@H](O)[C@H](Cc1ccccc1)NC(=O)[C@@H](NC(=O)OCc1ccccc1)C(C)C,8.841438,5.4189725,7.6412344,7.001012
CC(C)CN(C[C@@H](O)[C@H](Cc1ccccc1)NC(=O)O[C@@H]1C[C@@H]2CCO[C@@H]2C1)S(=O)(=O)c1ccc(CO)cc1,8.841425,5.463524,7.5400915,6.996915
COc1ccc2c(c1)OCCCCCCCC(C)(C)CN(C[C@@H](O)[C@H](Cc1ccccc1)NC(=O)O[C@H]1CO[C@H]3OCC[C@H]31)S2(=O)=O,8.90057,5.4921403,7.4435353,6.996669
CC(C)CN(C[C@@H](O)[C@H](CC12CC3CC(CC(C3)C1)C2)NC(=O)O[C@H]1CCOC1)S(=O)(=O)c1ccc(N)cc1,8.768568,5.54695,7.4069076,6.987598
COc1ccc2c(c1)OCCCCC=CCCCCN(C[C@@H](O)[C@H](Cc1ccccc1)NC(=O)O[C@H]1CO[C@H]3OCC[C@H]31)S2(=O)=O,8.863573,5.504102,7.3895054,6.979487
COc1ccc(-c2cc(-c3ccccc3)[nH]c2C(=O)NCc2ccc(C(=O)Nc3ccccc3N)cc2)cc1,7.529946,5.853915,7.900853,6.9735403
COc1ccc(S(=O)(=O)N(CC(C)C)C[C@@H](O)[C@H](Cc2ccccc2)NC(=O)O[C@@H]2CCCOCOC2)cc1,8.773794,5.562484,7.326632,6.9728527
CC[C@@H]1OC(=O)[C@@H](C)[C@H](O[C@H]2C[C@@](C)(OC)[C@](O)(CN(C)Cc3ccc(-c4cn(CCCCC(=O)NO)nn4)cc3)[C@H](C)O2)[C@H](C)[C@H](O[C@@H]2O[C@H](C)C[C@H](N(C)C)[C@H]2O)[C@@](C)(OC)C[C@H](C)C(=O)[C@@H](C)[C@@H](O)[C@@]1(C)O,8.3710165,5.439056,7.810296,6.9548874
CC(C)[C@H](NC(=O)[C@@H](N)Cc1ccccc1)C(=O)N[C@@H](Cc1ccccc1)[C@@H](O)[C@H](O)[C@H](Cc1ccccc1)NC(=O)[C@@H](NC(=O)[C@@H](N)Cc1ccccc1)C(C)C,8.528198,5.3715296,7.776463,6.944156
CCCCCN(C[C@@H](O)[C@H](Cc1ccccc1)NC(=O)OC[C@@H]1CCC(=O)N1)S(=O)(=O)c1ccc(OC)cc1,8.594584,5.730003,7.081084,6.9429398
COc1ccc(S(=O)(=O)N(CC(C)C)C[C@@H](O)[C@H](Cc2ccccc2)NC(=O)c2ccc3c(c2)[C@@H](NC(=O)OC(C)(C)C)CCS3)cc1,8.726336,5.4200087,7.503061,6.938403
NC(=O)c1cccc(CN2C(=O)N(Cc3cccc(C(N)=O)c3)C(Cc3ccc(F)c(F)c3)C(O)C2CCc2ccc(F)c(F)c2)c1,7.599379,5.678131,7.9955773,6.9320393
COc1ccc(-c2cc(-c3ccccc3)[nH]c2C(=O)NCc2ccc(C(=O)Nc3ccccc3S)cc2)cc1,7.5402417,5.799111,7.813876,6.9277754
COc1ccc(S(=O)(=O)N(CC(C)C)C[C@@H](O)[C@H](Cc2ccccc2)NC(=O)[C@@H]2CN(c3ccccc3O)C(=O)O2)cc1,8.710956,5.3672805,7.577992,6.9272366
Cc1cccc(C)c1OCC(=O)N[C@@H](Cc1ccccc1)C[C@H](O)[C@H](Cc1ccccc1)NC(=O)O[C@H]1CO[C@H]2OCC[C@H]21,8.6556635,5.531538,7.2332783,6.903491
CC[C@H](C)CN(C[C@@H](O)[C@H](Cc1ccccc1)NC(=O)OCCNC(=O)C(F)(F)F)S(=O)(=O)c1ccc(OC)cc1,8.539379,5.6232424,7.14712,6.898861
COc1ccc(S(=O)(=O)N(CC(C)C)C[C@@H](O)[C@H](Cc2ccc(-c3ccc(C(=O)O)cc3)cc2)NC(=O)O[C@H]2CCOC2)cc1,8.641273,5.437039,7.37159,6.8917475
COc1ccc(S(=O)(=O)N(CC(C)C)C[C@@H](O)[C@H](Cc2ccc(-c3ccc(C(C)=O)cc3)cc2)NC(=O)O[C@H]2CCOC2)cc1,8.639768,5.442295,7.3548317,6.889347
CC(C)[C@H](NC(=O)N(Cc1cscn1)C1CC1)C(=O)N[C@H](CC[C@H](Cc1ccccc1)NC(=O)OCc1cncs1)Cc1ccccc1,8.324768,5.9221983,6.813041,6.884571
CCCCCN(C[C@@H](O)[C@H](Cc1ccccc1)NC(=O)O[C@@H]1CCOC1=O)S(=O)(=O)c1ccc2ncsc2c1,8.519701,5.652966,7.063129,6.883045
COc1ccc(S(=O)(=O)N(CC(C)C)C[C@@H](O)[C@H](Cc2ccccc2)NC(=O)c2cc(OC)cc(C(=O)N(C)C3CCCCC3)c2)cc1,8.565996,5.4719095,7.294064,6.871435
CNC(=O)[C@@H](NC(=O)[C@@](O)(CCCN(Cc1ccc(-c2cccnc2)cc1)NC(=O)[C@@H](NC(=O)OC)C(C)(C)C)Cc1ccccc1)C(C)(C)C,8.412561,5.618362,7.1206927,6.860381
CC[C@H](C)CN(C[C@@H](O)[C@H](Cc1ccccc1)NC(=O)OCCNC(=O)C(Cl)Cl)S(=O)(=O)c1ccc2ncsc2c1,8.39899,5.7145276,6.9809318,6.8602495
COC(=O)N[C@H](C(=O)NN(CC[C@]1(Cc2ccccc2)C(=O)N([C@H]2c3ccccc3C[C@H]2O)C[C@H]1O)Cc1ccc(Br)cc1)C(C)(C)C,8.584682,5.38641,7.3960395,6.85955
CC[C@H]1OC(=O)[C@H](C)[C@@H](O[C@H]2C[C@@](C)(OC)[C@@H](O)[C@H](C)O2)[C@H](C)[C@@H](O[C@@H]2O[C@H](C)C[C@H](N(C)Cc3ccc(-c4cn(CCCCCCCCC(=O)NO)nn4)cc3)[C@H]2O)[C@](C)(OC)C[C@@H](C)C(=O)[C@H](C)[C@@H](O)[C@]1(C)O,8.249206,5.399544,7.613725,6.85297
CNC(=O)[C@H](C)NC(=O)[C@@](O)(CCCN(Cc1ccc(Br)cc1)NC(=O)[C@@H](NC(=O)OC)C(C)(C)C)Cc1ccccc1,8.428182,5.5605564,7.165299,6.848546
CC[C@H](C)[C@H](NC(=O)[C@@H]1CCCN1)C(=O)N1Cc2cc(OCC(=O)NO)ccc2C[C@H]1C(=O)Nc1ccc(OC)cc1,8.264419,5.910003,6.746239,6.8425035
COC(=O)N[C@H](C(=O)NN(CC[C@@](O)(Cc1ccccc1)C(=O)N[C@H]1c2ccccc2C[C@H]1O)Cc1ccc(Br)cc1)C(C)(C)C,8.5386505,5.4015074,7.3392625,6.841482
COCCN(CC(=O)N[C@@H](Cc1ccccc1)[C@H](O)CN(CC(C)C)S(=O)(=O)c1ccc(OC)cc1)[C@@H]1CCOC1,8.443581,5.5791597,7.07988,6.8350067
CC[C@H](C)[C@H](NC(=O)[C@@H](N)CO)C(=O)N[C@@H](C)C(=O)N[C@]12NC(=O)[C@@]3(O)C4C5CC(C6C5C3C61)C42,8.369082,5.473668,7.2959476,6.829938
COC(=O)N[C@H](C(=O)NN(CCC[C@@]1(Cc2ccccc2)C(=O)N([C@H]2c3ccccc3C[C@H]2O)C[C@H]1O)Cc1ccc(Br)cc1)C(C)(C)C,8.505247,5.406317,7.299738,6.825403
Cc1ccccc1CNC(=O)[C@H]1N(C(=O)[C@@H](O)[C@H](Cc2ccccc2)NC(=O)O[C@H]2CCOC2)CSC1(C)C,8.400642,5.656281,6.9503093,6.822654
COc1ccc(NC(=O)[C@@H]2Cc3ccc(OCC(=O)NO)cc3CN2C(=O)[C@H](C)NC(=O)OC(C)(C)C)cc1,8.237403,5.8349595,6.7792954,6.8137493
COC(=O)N[C@H](C(=O)NN(CCC1(Cc2ccccc2)C(=O)N([C@H]2c3ccccc3C[C@H]2O)CC1O)Cc1ccc(-c2ccncc2)cc1)C(C)(C)C,8.439835,5.4863477,7.1652427,6.813243
COCCNC(=O)[C@@H](NC(=O)[C@@](O)(CCN(Cc1ccc(Br)cc1)NC(=O)[C@@H](NC(=O)OC)C(C)(C)C)Cc1ccccc1)C(C)C,8.3451805,5.5185566,7.1371026,6.8004184
NC(=O)c1cccc(CN2C(=O)N(Cc3cccc(C(N)=O)c3)C(Cc3ccc(F)cc3)C(O)C2CCc2ccc(F)cc2)c1,7.4964175,5.648453,7.6494403,6.8001738
CNC(=O)[C@H](Cc1ccccc1)NC(=O)[C@@](O)(CCCN(Cc1ccc(Br)cc1)NC(=O)[C@@H](NC(=O)OC)C(C)(C)C)Cc1ccccc1,8.384138,5.453219,7.191792,6.7919683
CC(C)c1nc(CN(C)C(=O)N[C@H](C(=O)N[C@H](CCNNC(=O)OCc2cncs2)Cc2ccccc2)C(C)C)cs1,8.024487,6.0909853,6.537927,6.7911825
CC(=O)N[C@H](C(=O)N[C@@H](Cc1ccccc1)C[C@H](O)[C@H](Cc1ccccc1)NC(=O)[C@H]1CN(c2ccccc2)C(=O)O1)C(C)C,8.359027,5.419633,7.2441754,6.7844534
CC[C@H]1OC(=O)[C@H](C)C(=O)[C@H](C)[C@@H](O[C@@H]2O[C@H](C)C[C@H](N(C)Cc3cccc(-c4cn(CCCCCCC(=O)NO)nn4)c3)[C@H]2O)[C@@](C)(OC)C[C@@H](C)C2=NCCN3C(=O)O[C@@]1(C)[C@H]3[C@H]2C,8.181398,5.45219,7.311426,6.7809906
CNC(=O)[C@@H](NC(=O)[C@@](O)(CCCN(Cc1ccc(-c2ccccn2)cc1)NC(=O)[C@@H](NC(=O)OC)C(C)(C)C)Cc1ccccc1)C(C)(C)C,8.219906,5.6357474,6.955593,6.7740912
CC(C)c1nc(CN(C)C(=O)N[C@@H](CCO)C(=O)N[C@H](CC[C@H](Cc2ccccc2)NC(=O)OCc2cncs2)Cc2ccccc2)cs1,8.025144,6.0007567,6.5920205,6.7727346
CC[C@@H]1OC(=O)[C@H](C)[C@@H](O[C@@H]2C[C@](C)(OC)[C@@](O)(CN(C)Cc3ccc(-c4cn(CCCCCC(=O)NO)nn4)cc3)[C@@H](C)O2)[C@@H](C)[C@@H](O[C@@H]2O[C@H](C)C[C@H](N(C)C)[C@H]2O)[C@](C)(O)C[C@@H](C)CN(C)[C@H](C)[C@@H](O)[C@]1(C)O,8.07793,5.353231,7.5326447,6.7666225
Nc1ccccc1NC(=O)CCCCCC(c1c[nH]c2ccccc12)c1c[nH]c2ccccc12,7.28914,5.886989,7.3272653,6.7638702
COC(=O)N[C@H](C(=O)NN(CC[C@@]1(Cc2ccccc2)C(=O)N([C@H]2c3ccccc3C[C@H]2O)C[C@@H]1O)Cc1ccc(-c2ccccn2)cc1)C(C)(C)C,8.329382,5.465721,7.070618,6.74998
COc1ccc(S(=O)(=O)N(CC(C)C)C[C@@H](O)[C@H](Cc2ccccc2)NC(=O)c2cc(OC)cc(C(=O)N(C)Cc3nc(C)oc3C)c2)cc1,8.357485,5.3895826,7.1796327,6.7494717
COc1ccc(S(=O)(=O)N(CC(C)C)C[C@@H](O)[C@H](Cc2ccccc2)NC(=O)Cn2ccc(=O)[nH]c2=O)cc1,7.984639,5.9422193,6.591102,6.7378263
Cc1nc(-c2cccc(/C=C/C(=O)NO)c2)n(CCc2ccccc2)c1-c1ccccc1,7.200558,5.9028277,7.2869143,6.733693
O=C(NO)c1ccc(Cn2c(=O)n(CCc3ccccc3)c(=O)c3ccc(F)cc32)cc1,7.0956783,5.854883,7.4561915,6.728793
O=C(NO)c1ccc(Cn2c(=O)n(CCc3ccccc3)c(=O)c3cc(F)ccc32)cc1,7.0954714,5.8548675,7.4560294,6.7286806
COc1cc(C(=O)c2csc(-c3ccc(NC(=O)c4ccc(C(=O)Nc5ccccc5N)cc4)cc3)n2)cc(OC)c1OC,6.941463,5.7687187,7.7807198,6.7274623
CC(C)CN(C[C@@H](O)[C@H](Cc1ccccc1)NC(=O)[C@@H]1CN(c2ccccc2O)C(=O)O1)S(=O)(=O)c1ccc(N)cc1,8.282404,5.3762965,7.179954,6.7262135
CC(C)[C@H](NC(=O)[C@H](OCc1ccccc1)[C@H](O)[C@@H](O)[C@@H](OCc1ccccc1)C(=O)N[C@H]1c2ccccc2C[C@H]1O)C(=O)NCC(F)(F)F,8.259855,5.3148575,7.3055196,6.7249184
O=C(NO)c1ccc(Cn2c(=O)n(CCc3ccccc3)c(=O)c3ccc(Cl)cc32)cc1,7.101106,5.8525653,7.4143047,6.717981
CCOc1c(N[C@@H](Cc2ccccc2)[C@H](O)CN(CC(C)C)S(=O)(=O)c2ccc(OC)cc2)c(=O)c1=O,7.9400563,5.9664693,6.5322456,6.7169137
O=C(NO)c1ccc2nc(-c3ccc(-c4ccccc4)cc3)[nH]c2c1,7.304047,5.9331784,7.0687795,6.712591
CSCC[C@H](NC(=O)[C@H](CC1CCCCC1)NC(=O)[C@@H](N)Cc1ccc2ccccc2c1)C(=O)N[C@@H](CCC(=O)O)C(=O)N[C@H](C(=O)N[C@@H](CC1CCCCC1)C(=O)O)c1ccccc1,8.079566,5.3593106,7.3147016,6.7103415
Cc1ccccc1CNC(=O)[C@H]1N(C(=O)[C@@H](O)[C@H](Cc2ccccc2)NC(=O)[C@@H](CS(=O)(=O)c2cccc3ccccc23)NS(C)(=O)=O)CSC1(C)C,8.107493,5.3097277,7.3520703,6.7010293
O=C(/C=C/c1ccc(C(c2c[nH]c3ccccc23)c2c[nH]c3ccccc23)cc1)NO,7.4283466,5.777864,7.13791,6.6995573
CC(C)[C@H](NC(=O)[C@H](C)NC(=O)C[C@@H](NCc1ccccc1)C1O[C@@H]2OC(C)(C)O[C@@H]2[C@H]1OCc1ccccc1)C(=O)O,8.171285,5.480635,6.979365,6.6946373
CC(C)[C@H](NC(=O)C[C@@H](NCc1ccccc1)C1O[C@@H]2OC(C)(C)O[C@@H]2[C@H]1OCc1ccccc1)C(=O)N[C@@H](C)C(=O)O,8.170127,5.4809823,6.9779744,6.694124
O=C(NO)c1ccc(C(=O)N2CCc3c(c4ccccc4n3Cc3ccccc3)C2)cc1,7.2414546,5.8966956,7.0948563,6.6870623
CCC[C@H](NC(=O)[C@H](Cc1ccc2ccccc2c1)NC(=O)[C@H](CCC(=O)O)NC(=O)C(N)CNC(=O)[C@H](CC1CCCCC1)NC(=O)[C@@H](N)Cc1ccc2ccccc2c1)C(=O)O,8.018173,5.3472633,7.275487,6.678896
O=C([C@@H]1O[C@@H]2O[C@H]1C(=O)N(Cc1ccccc1)[C@H]2Cc1ccccc1)N1CCN(CCO)CC1,8.003383,5.784299,6.5800605,6.6695824
CCCCCN(C[C@@H](O)[C@H](Cc1ccccc1)NC(=O)OCCNC(=O)C(F)(F)F)S(=O)(=O)c1ccc2ncsc2c1,7.7403345,6.0386996,6.4425883,6.6665325
O=C(NO)c1ccc(CN(Cc2ccccc2)C(=O)c2ccccc2)cc1,7.2753158,6.0022206,6.8492312,6.6658096
Cc1ccc(C(=O)c2ccc3c(ccn3S(=O)(=O)c3cccc(/C=C/C(=O)NO)c3)c2)cc1,7.2884293,5.765984,7.1586633,6.661846
CNc1ccc(CCn2c(=O)c3ccccc3n(Cc3ccc(C(=O)NO)cc3)c2=O)cc1,6.9672236,5.864854,7.2931237,6.649645
O=C(N[C@H]1c2ccccc2OC[C@H]1O)[C@H](Cc1ccccc1)C[C@H](O)C(=O)N1COC2(CCCC2)[C@H]1C(=O)NCc1c(Cl)cccc1Cl,8.13429,5.4147024,6.959411,6.6473303
O=C(/C=C/c1ccc(Cc2ccc(O)c(Cl)c2)cc1)NO,7.2710805,6.1448455,6.618405,6.6465354
CCc1ccccc1SC1=C(O)CC(CSc2ccccc2)(c2ccccc2)OC1=O,7.2609057,5.9494457,6.8547688,6.6417146
COc1ccc(S(=O)(=O)N(CC(C)C)C[C@@H](O)[C@H](Cc2ccccc2)NC(=O)Cn2cnc3c(Cl)ncnc32)cc1,7.5934587,6.141202,6.360248,6.6407905
O=C(/C=C/c1ccc(CNCc2ccc3ccccc3n2)cc1)NO,7.19924,6.1432977,6.6625714,6.640477
O=C(NO)c1ccc2nc(-c3cccc(Br)c3)[nH]c2c1,7.1567144,6.1887927,6.645585,6.640295
O=C(NO)c1ccc2c(c1)CC(Nc1nccc(-c3ccc4ccccc4c3)n1)CC2,7.2076163,6.064994,6.745908,6.6392136
COc1ccc(NC(=O)[C@@H]2Cc3ccc(OCC(=O)NO)cc3CN2C(=O)[C@@H](N)C(C)C)cc1,7.6104965,6.2508984,6.228602,6.638282
O=C(NO)c1ccc2nc(-c3ccc(-c4ccc(CN5CCOCC5)cc4)cc3)[nH]c2c1,7.2525377,5.9644837,6.8182683,6.6341352
O=C(NO)C(Cc1ccccc1)n1ncc2cc(-c3ccccc3)ccc21,7.17266,6.2066503,6.588946,6.6326904
O=C1OC(COc2ccc3ccccc3c2)(c2ccccc2)CC(O)=C1Sc1ccccc1Cl,7.1901317,5.89631,6.961243,6.632332
Nc1ccccc1NC(=O)c1ccc(CNC2=NC[C@H](c3ccccc3)S2)cc1,7.2904925,6.0012083,6.7274375,6.630668
Cc1ccc(C(=O)Nc2ccc(C(=O)NO)cc2)cc1,7.146383,6.3500414,6.4235177,6.621228
COc1ccc(-c2cc(-c3ccsc3)c(C(=O)NCc3ccc(C(=O)NO)cc3)[nH]2)cc1,7.2512755,5.7994046,6.9974246,6.6188936
O=C(NO)c1ccc(CN2c3ccccc3NC(=O)[C@H]2CCc2ccccc2)cc1,7.27163,6.0491066,6.632252,6.6135707
CC(=O)c1cccc(N2C[C@@H](C(=O)N[C@@H](Cc3ccccc3)[C@@H](O)C[C@H](Cc3ccccc3)NC(=O)COc3c(C)cccc3C)OC2=O)c1,7.978058,5.432655,6.924477,6.610389
COc1cccc(C[C@H](NC(=O)c2cccc(N)c2Cl)[C@H](O)C(=O)N2CCC(C)(C)[C@H]2C(=O)NCc2c(C)cccc2C)c1,7.9631906,5.4534106,6.8939376,6.6078672
O=C(/C=C/c1cccc(S(=O)(=O)c2ccc3cccc(F)c3n2)c1)NO,7.219384,5.9707046,6.7544084,6.607175
O=C(NO)c1ccc(NC(=S)N/N=C/c2ccc(F)cc2)cc1,7.0940175,6.333444,6.4394126,6.6057544
O=C(NO)c1ccc(Cn2c(=O)[nH]c(=O)c3cc(Br)ccc32)cc1,7.0433583,5.9721494,6.8905053,6.599951
O=C(Cc1ccc(CCCCc2ccc3[nH]ccc3c2)cc1)NO,7.102268,6.0844827,6.682009,6.5961876
O=C(/C=C/c1cccc(S(=O)(=O)Nc2ccccc2)c1)NO,7.2071815,6.343721,6.3114586,6.59589
O=C(/C=C/c1ccc(NS(=O)(=O)c2ccc(Cl)cc2)cc1)NO,7.3147683,6.1561856,6.423354,6.595873
Cn1cc(CCNCc2ccc(/C=C/C(=O)NO)cc2)c2ccccc21,7.14306,6.131754,6.5867476,6.594834
O=C(NO)c1ccc2c(c1)CC(Nc1nccc(-c3ccc(Cl)cc3)n1)CC2,7.08328,6.2976665,6.453714,6.5946226
O=C(Cc1ccc2c(c1)OCO2)N[C@H](CC[C@H](Cc1ccccc1)NC(=O)[C@@H]1CN(c2ccccc2)C(=O)O1)Cc1ccccc1,7.729551,5.783468,6.546605,6.5929546
[C-]#[N+]c1ccccc1-c1ccc(Cn2cccc(O)c2=S)cc1,7.025023,6.1155715,6.701489,6.592162
N#Cc1cc(CN2C(=O)N(Cc3ccccc3)C(Cc3ccccc3)C(O)C2CCc2ccccc2)ccc1F,7.4113374,5.6201386,7.029412,6.5916777
O=C1N(Cc2ccc3[nH]ncc3c2)C(CCc2ccccc2)C(O)C(Cc2ccccc2)N1Cc1ccc2[nH]ncc2c1,7.2104726,5.946289,6.719975,6.5837216
COc1ccc(C(=O)NO)cc1C(=O)Nc1ccc(Cl)cc1,7.098287,6.373343,6.3326573,6.5833626
CC(C)CN(C[C@@H](O)[C@H](Cc1ccccc1)NC(=O)CN[C@@H]1CCOC1)S(=O)(=O)c1ccc(N)cc1,7.722393,5.873504,6.4061947,6.581133
N[C@H](Cc1ccc(Cl)cc1Cl)C(=O)NCCc1ccccc1,7.1625824,6.274261,6.374869,6.580943
COc1ccc(C(=O)NO)cc1NC(=O)c1ccccc1Cl,7.075477,6.3799863,6.335035,6.58002
O=C(NO)c1ccc2c(c1)CC(NC(=O)c1ccc(Cl)c(Cl)c1)CN2,7.384297,6.086099,6.398866,6.5788164
Cc1n[nH]c2ccc(CN3C(=O)NC(CCc4ccccc4)C(O)C3Cc3ccccc3)cc12,7.2951355,6.04964,6.5052323,6.5775175
CC(C)(C)c1ccc(NS(=O)(=O)c2ccc(C(=O)NO)cc2)cc1,7.172319,6.2676167,6.3600116,6.5759535
O=C(CCCCCC(c1c[nH]c2ccccc12)c1c[nH]c2ccccc12)NO,7.1086326,6.1143584,6.5782437,6.5754905
O=C(NO)c1ccc2c(c1)CC(NS(=O)(=O)c1cccc(F)c1)CN2,7.4682107,6.0259843,6.393151,6.5751085
COc1ccc(N(CC(=O)N[C@@H](Cc2ccccc2)[C@H](O)CN(CC(C)C)S(=O)(=O)c2ccc(CO)cc2)CC(=O)N(C)C)cc1,7.7586207,5.700535,6.5794415,6.574628
O=C(NO)c1ccc(C(=O)NCCc2ccccc2)cc1,7.060702,6.359427,6.351916,6.574497
O=C1CC/C=C/CCC(=O)N(Cc2cccc(/C=N/NC(=O)c3cccc(C(=O)NO)c3)c2)C[C@@H](c2ccccc2)O1,7.112003,5.974398,6.7358255,6.572489
O=C(NO)c1ccc(CNCc2cccs2)cc1,7.11184,6.389455,6.2709403,6.5705295
O=C1NC(=O)/C(=C\c2ccc(OCC(=O)N3N=C(c4ccccc4)CC3c3ccc(F)cc3)cc2)S1,7.0405107,6.1766295,6.5492787,6.569952
O=C(NO)c1ccc2c(c1)CC(NS(=O)(=O)c1cccc(Cl)c1)CC2,7.4764247,6.015442,6.3840237,6.5698185
Cc1cc2cc(NS(=O)(=O)Cc3cccc(C(=O)NO)c3)ccc2n(C)c1=O,7.1611543,5.930381,6.7385335,6.569356
O=C(NO)c1sc2ccccc2c1Cl,7.050619,6.4554687,6.2466865,6.5670834
O=C(NO)c1ccc(CN(C2CC2)S(=O)(=O)c2c(F)c(F)cc(F)c2F)cc1,7.81174,5.5004487,6.7954946,6.564952
N[C@H](Cc1ccc(Cl)cc1Cl)C(=O)NC1Cc2ccccc2C1,7.3889437,6.146458,6.2872024,6.5633173
Cc1ccc(S(=O)(=O)N[C@@H](Cc2ccc(OCCc3ccccc3)cc2)C(=O)NO)cc1,7.175678,6.2005095,6.3879476,6.561945
O=C1Nc2ccccc2/C1=N/NC(=S)Nc1ccc(C(=O)NO)cc1,7.0268097,6.3557277,6.345486,6.561065
Cc1cc2cc(NS(=O)(=O)c3ccc(C(=O)NO)cc3)ccc2n(C)c1=O,7.1966376,5.902496,6.7118006,6.559314
O=C1c2cccc([N+](=O)[O-])c2C(=O)N1c1ccc2[nH]c(=S)sc2c1,6.970735,5.9733605,6.81851,6.5569983
Cc1nc2cccc(/C=C/C(=O)NO)c2c(=O)n1-c1ccccc1,6.9103527,6.14092,6.665746,6.556328
Cc1c(O)cccc1C(=O)N[C@@H](c1cccs1)[C@H](O)CN1C[C@H]2CCCC[C@H]2C[C@H]1C(=O)NC(C)(C)C,7.727408,5.799829,6.4170775,6.555048
O=C(CCCc1ccc(NS(=O)(=O)c2ccccc2)cc1)NO,7.0626235,6.394282,6.2608876,6.5544834
CN1C(=O)[C@H]2CN(Cc3c2c2ccccc2n3Cc2ccc(C(=O)NO)cc2)C1=O,7.11997,6.235558,6.369126,6.5526795
Cc1cccc(C)c1OCC(=O)N[C@@H](Cc1ccccc1)[C@H](O)[C@@H](O)[C@@H]1CCCCN1C(=O)COc1c(C)cccc1C,7.323628,6.1790357,6.253704,6.546115
O=C1NC(CCc2ccccc2)C(O)C(Cc2ccccc2)N1Cc1ccccc1,7.318224,6.0633607,6.3787894,6.5453615
CC1=N[C@H](CC(C)C)C(=O)N(Cc2ccc(-c3ccccc3)cc2)c2cc(C(=O)O)ccc21,7.065718,5.981146,6.673179,6.542018
NC(=O)c1cc(CN2C(=O)NC(CCc3ccccc3)C(O)C2Cc2ccccc2)ccc1F,7.3210907,5.825784,6.648918,6.541038
O=C(NO)C1c2ccccc2-c2ccccc21,7.116921,6.429339,6.1464176,6.5396013
O=C(COc1ccc(C[C@H](NC(=O)CCc2ccccc2)C(=O)Nc2ccccc2)cc1)NO,6.908731,6.3509583,6.378464,6.5362544
O=C(NO)c1ccc(Cn2c(=O)[nH]c(=O)c3ccc(C(F)(F)F)cc32)cc1,6.8626857,5.8321366,7.04509,6.5342093
CN1C(=O)CNC(=O)/C1=C/c1ccc(C(=O)NCc2ccc(C(=O)NO)cc2)cc1,6.9672027,6.192432,6.4542236,6.5223866
CC1(c2ccc(S(N)(=O)=O)cc2)NC(=O)N(CC(=O)c2nc3ccccc3s2)C1=O,6.9835267,5.951509,6.7123847,6.5189457
O=C(NO)c1ccc(CN2CCc3c(n(CC4CC4)c4ccc(F)cc34)C2)cc1,7.066417,6.3498006,6.1961746,6.51622
CC(C)CN(C[C@@H](O)[C@H](Cc1ccccc1)NC(=O)CN(CC(=O)N(C)C)[C@H]1CCOC1)S(=O)(=O)c1ccc(CO)cc1,7.7398086,5.57703,6.5837836,6.51611
O=C(COc1ccc2cc(/C=C3/SC(=O)NC3=O)ccc2c1)Nc1ccc(Br)cc1,6.7952704,6.0305867,6.7793527,6.5148106
O=C(N[C@H]1c2ccccc2C[C@H]1O)[C@H](Cc1ccccc1)C[S+]([O-])C[C@H](Cc1ccccc1)C(=O)N[C@H]1c2ccccc2C[C@H]1O,7.7944407,5.4022255,6.7964926,6.5140896
O=C(O)c1nc2ccc(C(F)(F)F)cc2nc1NCc1ccc(Cl)cc1,6.761725,5.8307548,7.0686197,6.5094843
CC1(c2ccc(S(N)(=O)=O)cc2)NC(=O)N(CC(=O)c2cccc(C#N)c2)C1=O,7.0005145,6.089257,6.49484,6.5070457
Cc1ccccc1CNC(=O)[C@H]1N(C(=O)[C@@H](O)[C@H](Cc2ccccc2)NC(=O)[C@@H](COCc2ccccc2)NS(C)(=O)=O)CSC1(C)C,7.70314,5.4925685,6.676453,6.498268
O=C(NO)c1ccc(CN(Cc2ccncc2)S(=O)(=O)c2cc(F)c(F)c(F)c2F)cc1,7.364161,5.5743594,6.816338,6.4950256
CC1(c2ccc(C#N)cc2)NC(=O)N(CC(=O)c2ccccc2)C1=O,6.8675423,6.364583,6.271991,6.491104
CC[C@H](C)[C@H](NC(=O)[C@@H](N)CO)C(=O)N[C@@H](C)C(=O)N[C@@H](CCC(=O)O)C(=O)Nc1cccc(O)c1,7.537541,5.736021,6.4405093,6.489667
CCCNNC(=O)/C=C/c1ccc(CNCCc2c(C)[nH]c3ccccc23)cc1,6.9536276,6.1293926,6.4381523,6.4895425
CCCC[C@H](NC(=O)[C@@H](N)Cc1ccc2ccccc2c1)C(=O)NCC[C@H](N)C(=O)N[C@@H](CCC(=O)O)C(=O)N[C@@H](CCc1ccccc1)C(=O)N[C@@H](CCC)C(=O)O,7.623481,5.381679,6.8692575,6.4855685
CC(C)C[C@H](NC(=O)[C@H](Cc1ccccc1)NC(=O)[C@H](CCCCNC(=N)N)NC(=O)[C@@H](N)CNC(=O)[C@H](CC1CCCCC1)NC(=O)[C@@H](N)CCc1ccccc1)C(=O)O,7.563811,5.3815737,6.916405,6.4849234
NC(=O)c1ccc(-c2cnc3c(cnn3C(Cc3ccccc3)C(=O)NO)c2)cc1,6.7347355,6.133071,6.614718,6.4835086
O=C(/C=C/c1cccc(-c2ccc3ncnc(Nc4ccc(OCc5cccc(F)c5)c(Cl)c4)c3c2)c1)NO,6.565069,5.781439,7.2711916,6.4820337
C[C@@H](OCc1ccccc1)[C@@H]1N=C(c2ccccc2)c2ccccc2N(CCCCC(=O)NO)C1=O,6.9585795,6.125794,6.4126267,6.4809656
N#Cc1ccc(N2CCC(Nc3ccc(C(=O)NO)cc3)C2=O)cc1,7.0505023,6.4166007,6.0471544,6.4788284
O=C(NO)c1ccc(CN(CCO)C(=O)Cc2ccccc2)cc1,6.843883,6.2744184,6.342931,6.477397
O=C(NO)c1ccc(CC(=O)N(CCO)c2ccccc2)cc1,6.8475657,6.3351774,6.2772055,6.4767876
CN(C)S(=O)(=O)c1ccc(C2(C)NC(=O)N(CC(=O)c3ccc(F)cc3F)C2=O)cc1,7.221274,5.7683434,6.592747,6.472191
O=C(NO)c1ccc(CN(Cc2ccccn2)S(=O)(=O)c2cc(F)c(F)c(F)c2F)cc1,7.249125,5.558643,6.862639,6.4715953
CC(C)CN(C[C@@H](O)[C@H](Cc1ccccc1)NC(=O)Cn1ccc(=O)[nH]c1=O)S(=O)(=O)c1ccc([N+](=O)[O-])cc1,7.078881,6.1073227,6.3043113,6.470751
C[C@@]1(Nc2ccc(C(=O)NO)cc2)CCN(c2ccc(Cl)cc2)C1=O,6.845027,6.336641,6.2515445,6.467409
COc1cc(-c2nc(NCc3ccc(C(=O)NO)cc3)cc3c2[nH]c2ccccc23)cc(OC)c1OC,6.7799983,5.799096,6.9453006,6.466694
O=C(/C=C/c1ccc(Oc2ccccc2)cc1-c1ccccc1)NO,6.56527,6.4479575,6.38901,6.466586
O=C(NO)c1ccc(N(CC2CC2)C(=O)c2cccc(C(F)(F)F)c2)cc1,6.8534036,6.2571807,6.3147874,6.4642954
O=C(O)CC/C=C\C[C@@H]1NC(=O)[C@H]2CCCN2C(=O)[C@H](Cc2ccccc2)NC(=O)[C@H](Cc2c[nH]c3ccccc23)NC1=O,7.4387813,5.837768,6.306886,6.4615364
Cc1nc(-c2cccc(/C=C/C(=O)NO)c2)n([C@@H]2CCCN(C)C2)c1-c1ccccc1,6.8771176,6.309213,6.222571,6.4569807
CN(/N=C/c1ccc(C(=O)NO)cc1)C(=O)c1ccc(N(C)C)cc1,6.774903,6.373402,6.233023,6.452426
CC(=O)SCC/C=C/[C@@H]1CC(=O)N[C@H](C(C)C)C(=O)N[C@H](Cc2cn(C)cn2)C(=O)N[C@H](C(C)C)c2cn(nn2)CC(=O)O1,7.409199,5.8840094,6.2380548,6.4484806
CCN(C(=O)c1ccccc1C(F)(F)F)c1ccc(C(=O)NO)cc1,6.7564716,6.14566,6.4613633,6.4448385
COc1ccc(Cn2ccc3ccc(CC(=O)NO)cc32)cc1,6.6744733,6.5494924,6.1337047,6.444105
O=C(NO)c1ccc(NC(=O)c2ccc(N3CCOCC3)cc2)cc1,6.801127,6.31659,6.237928,6.442505
COc1ccc(OC)c(-c2cccc(O)c(=O)c2)c1,6.666669,6.4250693,6.2441964,6.440685
CC(=O)N(Cc1ccc(C(C)(C)C)cc1)c1ccc(C(=O)NO)cc1,6.7459836,6.25291,6.34127,6.4397173
COc1ccc(C(=O)c2ccc3c(ccn3Cc3ccc(C(=O)NO)cc3)c2)cc1OC,6.707765,6.053759,6.591432,6.4380493
O=C1N(Cc2cccc(-n3cccn3)c2)C(CCc2ccccc2)C(O)C(Cc2ccccc2)N1Cc1cccc(-n2cccn2)c1,6.78835,6.2019157,6.3511386,6.4377155
CC(C)CN(C[C@@H](O)[C@H](Cc1ccccc1)NC(=O)Cn1cc(CO)c(=O)[nH]c1=O)S(=O)(=O)c1ccc([N+](=O)[O-])cc1,7.040714,5.9976783,6.356502,6.436642
CCOC(=O)NC(=O)c1ccsc1NC(=O)c1nc2ccccc2s1,6.5640783,6.4368253,6.3136773,6.4365706
C=C(c1cc(OC)c(OC)c(OC)c1)c1ccc2c(c1)cc(/C=C/C(=O)NO)n2C,6.6756444,6.2362704,6.4060163,6.4342647
COc1cc(C(=O)c2csc(-c3ccc(NC(=O)CCCC(=O)Nc4ccccc4N)cc3)n2)cc(OC)c1OC,6.5009265,5.739573,7.2324786,6.433372
Cc1cccc(C)c1N(CC(=O)N[C@@H](Cc1ccccc1)[C@H](O)CN(CC(C)C)S(=O)(=O)c1ccc(N)cc1)CC(=O)N(C)C,7.341718,5.643102,6.525641,6.4287043
COc1cc(C(=O)c2csc(-c3ccc(NC(=O)CC(=O)Nc4ccccc4N)cc3)n2)cc(OC)c1OC,6.5436454,5.7185082,7.190184,6.427158
Cc1nc(CN(C)C(=O)c2cccc(C(=O)N[C@@H](Cc3ccccc3)[C@H](O)CN3C[C@H]4CCCC[C@H]4C[C@H]3C(=O)NC(C)(C)C)c2)c(C)o1,7.3054967,5.9130383,6.213117,6.4246597
O=C(/C=C/c1ccc2c(=O)n(CCc3ccccc3)cnc2c1)NO,6.494889,6.446608,6.3263497,6.421829
CC(C)CN(CCNCCN(CC(C)C)S(=O)(=O)c1ccc(N)cc1)S(=O)(=O)c1ccc(N)cc1,7.260861,5.9780293,6.166457,6.421623
COc1ccc(NC(=O)[C@H](Cc2ccc(OCC(=O)NO)cc2)NC(=O)CCCc2ccccc2)cc1,6.655323,6.4556785,6.171963,6.421493
O=C(O)CC[C@H](NC(=O)Cc1ccc(Br)cc1)C(=O)NCc1ccc([N+](=O)[O-])cc1,6.702191,6.1343207,6.4529924,6.421384
COc1cc(C(=O)c2csc(-c3ccc(NC(=O)/C=C/C(=O)Nc4ccccc4N)cc3)n2)cc(OC)c1OC,6.612894,5.735623,7.047233,6.4175463
N[C@@H](Cc1ccccc1)C(=O)Nc1ccccc1-c1ccc(NC(=O)CCCCCCC(=O)NO)cc1,6.6966095,5.86243,6.768307,6.414993
CC1(c2ccc(S(=O)(=O)NCC(F)(F)F)cc2)NC(=O)N(CC(=O)c2ccc(F)cc2F)C1=O,7.048046,5.5866423,6.7814655,6.405569
Cc1ccc2c(cnn2C(Cc2ccccc2)C(=O)NO)c1,6.7458205,6.5179253,5.9982905,6.405095
O=C(CC1(O)C2C3CC4C5C3C1C5C(O)(CC(=O)N[C@@H](Cc1c[nH]c3ccccc13)C(=O)O)C42)N[C@@H](Cc1c[nH]c2ccccc12)C(=O)O,7.4392037,5.597061,6.422206,6.399346
O=C(NO)C(Cc1ccccc1)n1ncc2cc(-c3cccnc3)ccc21,6.507903,6.5163455,6.169724,6.3938427
Cc1cc(F)cc(C)c1Oc1ccc(C(C)(C)O)cc1-c1cn(C)c(=O)c2[nH]c(C(=O)NCCCCCCC(=O)NO)cc12,6.340754,5.7163033,7.302686,6.388632
CC(C)(C)OC(=O)N1Cc2cc(OCC(=O)NO)ccc2C[C@H]1C(=O)Nc1cccc2ccccc12,6.592011,6.422481,6.1629386,6.3875713
COc1ccc(NC(C)=O)cc1C(=O)NNC(=O)[C@H](CCCCNC(=O)CCCOc1ccc2cc(CNC(=N)N)c(OCCCC(=O)NCCCC[C@H](NC(=O)OC(C)(C)C)C(=O)NNC(=O)c3cc(NC(C)=O)ccc3OC)cc2c1)NC(=O)OC(C)(C)C,6.5681605,5.4964213,7.355537,6.3811026
Cc1ccc(-c2cc(C(=O)NCCCCCCC(=O)NO)nn2-c2ccc(S(C)(=O)=O)cc2)cc1,6.5606055,6.073608,6.5251174,6.378559
Cc1nc(-c2cccc(/C=C/C(=O)NO)c2)n([C@@H]2CCCN(C(C)C)C2)c1-c1ccccc1,6.753926,6.3079553,6.080484,6.3687153
O=C(NO)c1ccc(NC(=O)c2ccc(C3CCCCC3)cc2)cc1,6.751258,6.3924522,6.0055995,6.36853
O=C(NO)C(Cc1ccccc1)n1cc2cc(-c3ccncc3)ccc2n1,6.4988017,6.5601406,6.067288,6.3676887
Cn1cc(-c2ccc3c(cnn3C(Cc3ccccc3)C(=O)NO)c2)cn1,6.3383236,6.4239783,6.256858,6.3389854
CCCCCNNC(=O)c1ccc(-c2ccc(CNC(C)=O)cc2)cc1,6.6103044,6.2232985,6.1937857,6.3368998
COc1ccc(-c2ccccc(O)c2=O)c(OC)c1OC,6.360391,6.3524265,6.297971,6.3368073
O=C(NO)c1ccc(CN(CCCCO)C(=O)Nc2ccccc2)cc1,6.6001344,6.303579,6.112721,6.3325157
O=C(CCCCCCC(=O)Nc1n[nH]c2cc(-c3ccc(Cl)cc3)ccc12)NO,6.4296985,6.0076694,6.5827374,6.3305206
O=C(CCCCCCC(=O)Nc1n[nH]c2cc(-c3cccc(Cl)c3)ccc12)NO,6.4293466,6.0072694,6.5832224,6.330409
O=C(NO)c1ccc2c(c1)CN(Cc1ccc(-c3cccc([N+](=O)[O-])c3)o1)CC2,6.30662,6.49791,6.181035,6.3258524
C[C@H]1CN(c2ccc(C(=O)Nc3ccccc3N)cn2)CCN1C(=O)OCc1ccccc1,6.3106446,6.4192863,6.220198,6.3156624
CN(C)CCn1c(-c2cccc(/C=C/C(=O)NO)c2)nc2ccccc21,6.430171,6.221666,6.252398,6.300083
COc1cc(C(=O)c2csc(-c3ccc(NC(=O)CCC(=O)NO)cc3)n2)cc(OC)c1OC,6.284648,6.0183883,6.5755906,6.2846575
CC(C)C[C@H]1N=C(c2ccccc2)c2ccc(C(=O)OC(C)(C)C)cc2N(Cc2ccc(C3CCCCC3)cc2)C1=O,6.632285,6.279021,5.9734244,6.283429
O=C(/C=C/c1ccc2c(c1)nc(-c1ccccn1)n2CCCO)NO,6.147059,6.2828336,6.3610845,6.2624054
O=C(NO)c1ccc2c(c1)CC(Nc1nccc(-c3ccc(N4CCOCC4)nc3)n1)CC2,6.280234,6.3811398,6.116512,6.2573853
O=C(CCCCCCC(=O)Nc1n[nH]c2cc(-c3cccc(C(F)(F)F)c3)ccc12)NO,6.1927505,5.8301764,6.813812,6.25311
O=C(NO)c1ccc(C(=O)NCCc2ccncc2)cc1,6.366187,6.5801635,5.830292,6.24259
O=C1NC[C@H](c2ccccc2)[C@@H]1C(=O)N[C@@H](CCCCCS)C(=O)Nc1ccccc1,6.776257,6.2878404,5.7476153,6.242244
COc1ccc(-c2ccc3c(NC(=O)CCCCCCC(=O)NO)n[nH]c3c2)cc1OC,6.035457,6.2963276,6.368791,6.2301936
CC(C)[C@H]1NC(=O)C[C@@H](C/C=C\CCC(=O)O)NC(=O)[C@@H](Cc2c[nH]c3ccccc23)NC(=O)[C@@H](C)NC1=O,6.911665,5.9491115,5.911672,6.224943
O=C(NO)C(Cc1ccccc1)c1cnc2cc(-c3cccnc3)ccn12,6.116481,6.5953774,5.976597,6.2184753
CC(C)C[C@H]1CC(=O)N[C@@H](C)C(=O)N[C@@H](CCCCCC(=O)NO)C(=O)N[C@@H](Cc2cc3ccccc3[nH]2)C(=O)N1,6.9428844,5.8633046,5.9463043,6.2143154
CC(C)CN(C[C@@H](O)[C@H](Cc1ccccc1)NC(=O)Cn1cnc2c(N)ncnc21)S(=O)(=O)c1ccc([N+](=O)[O-])cc1,6.149054,6.4242663,6.071046,6.2111454
CN(C)CCCn1c(SCc2ccc(/C=C/C(=O)NO)cc2)nc2ccccc21,6.2500396,6.0972986,6.271056,6.2051573
CS(=O)(=O)c1cc([N+](=O)[O-])c2sc(N3CCN(S(=O)(=O)C4CC4)CC3)nc(=O)c2c1,6.3753047,6.1708827,6.047213,6.194865
O=C(NO)C(Cc1ccccc1)n1cnc2ccccc21,6.4315405,6.4982185,5.703345,6.189296
O=C(CCCCCONC(=O)c1ccc2ccccc2c1)NO,6.2948503,6.290689,5.9907293,6.1887608
CC(C)[C@@H](C(=O)NO)n1nnc(-c2ccccc2)c1C#Cc1ccccc1,6.0289454,6.486749,6.0443053,6.179554
CCS/C(Nc1ccccc1)=C(\C#N)C(=O)Nc1ccc(OC)cc1,6.3009224,6.4464636,5.8044114,6.171398
O=C(NO)C(Cc1ccccc1)n1cc2cccc(CN3CCOCC3)c2n1,6.694609,6.3649096,5.5598044,6.1684256
COc1ncc(-c2ccc3nn(C(Cc4ccccc4)C(=O)NO)cc3c2)cn1,5.883325,6.575868,6.0240617,6.146986
COC(=O)CCCCCCC(=O)Nc1ccc(OCc2cc(C)cc(C)c2)cc1,5.815518,6.4895043,6.1415744,6.136558
CC(C)C[C@H](NC(=O)CNC(=O)c1cccc(/C=C/C(=O)NO)c1)B1O[C@@H]2[C@@H]3C[C@H](C[C@]2(C)O1)C3(C)C,6.8053737,5.893728,5.7775054,6.1262035
O=C(CCCCCCC(=O)NCCCN1c2ccccc2CCc2ccc(Cl)cc21)NO,6.166099,5.9423842,6.2744203,6.124487
COc1ccc(-c2ncc(/C=C/C(=O)NO)s2)cc1,6.222341,6.509462,5.6856046,6.1197443
O=C(CCCCCCc1nc2ccc(Br)cc2[nH]1)NO,6.064979,6.2748737,6.014149,6.1159415
CC(C)c1cc(C(=O)N(C)c2ccc(NC(=O)CCCCCCC(=O)NO)cc2)c(O)cc1O,6.103272,5.826066,6.4100547,6.10384
O=C(CCCCCCNC(=O)C(O)(O)C(F)(F)F)Nc1ncc(-c2ccccc2)s1,5.955537,5.942861,6.4368825,6.1033316
CCCNc1ccc2c3c(cccc13)C(=O)N(CCCCCC(=O)NO)C2=O,6.1337104,6.142241,6.0251927,6.0999136
CCCCCCNNC(=O)c1cnc(NCc2ccc(CNC(C)=O)cc2)nc1,5.8390307,6.3165374,6.150687,6.095587
COc1ccc(NC(=O)[C@@H]2Cc3ccc(OCC(=O)NO)cc3CN2)cc1,6.4535017,6.374331,5.5450816,6.0954075
CC1(C)CC[C@]2(C(=O)OCc3ccccc3)CC[C@]3(C)C(=CC[C@@H]4[C@@]5(C)C[C@@H](OC(=O)c6ccccc6C(=O)O)[C@H](OC(=O)c6ccccc6C(=O)O)C(C)(C)[C@@H]5CC[C@]43C)[C@@H]2C1,6.312881,5.9094806,6.0689144,6.0926075
CN1C(=O)N2Cc3c(c4cc(OCCN5CCOCC5)ccc4n3Cc3ccc(C(=O)NO)cc3)[C@@](C)(C2)C1=O,6.0633945,6.2440395,5.9682984,6.0897775
COc1cc(Nc2nc(N)nc3c2ncn3Cc2ccc(C(=O)Nc3ccccc3N)cc2)cc(OC)c1,5.7955403,5.762573,6.7719083,6.075962
CC[C@H](Nc1ncnc2[nH]cnc12)c1nc2cccc(CCCCC(=O)NO)c2c(=O)n1-c1ccccc1,5.6737504,5.9041066,6.7427506,6.0737185
O=C(NO)c1ccc2c(c1)CC(Nc1ccccn1)CC2,6.3737864,6.388919,5.5303154,6.0699854
COc1ccc(S(=O)(=O)N(CC(C)C)C[C@@H](O)[C@H](Cc2ccccc2)NC(=O)[C@]23CC[C@@H](C)[C@H](C)[C@H]2C2=CC[C@@H]4[C@@]5(C)CC[C@H](O)C(C)(C)[C@@H]5CC[C@@]4(C)[C@]2(C)CC3)cc1,6.824224,5.524384,5.990912,6.067078
CC(C)c1cc(C(=O)N(C)c2ccc(NC(=O)CCCCCCCC(=O)NO)cc2)c(O)cc1O,6.023532,5.781888,6.4138584,6.0620537
O=C(/C=C/c1ccc(Cl)cc1F)NCCCCCC(=O)NO,6.1566367,6.3082747,5.735721,6.057005
CSCC[C@@H]1N=C(c2ccccc2)c2ccccc2N(CCCCC(=O)NO)C1=O,6.217253,6.2665963,5.6927915,6.047415
CC(C)(C)OC(=O)n1cnc(C[C@@H]2NC(=O)[C@]3(C)CSC(=N3)c3csc(n3)CNC(=O)C[C@@H](/C=C/CCS)OC2=O)c1,6.33544,6.1235557,5.713245,6.046218
COc1ccc(/C=C/C(=O)OO)c(OCc2ccccc2)c1,5.6775928,6.529903,5.981544,6.042862
O=C(NO)C(Cc1ccccc1)n1ncc2c(-c3cncnc3)cccc21,5.6052594,6.615521,5.965612,6.033899
COc1cc2c(cc1OC)C(=O)C(CC1CCN(Cc3cccc(NC(=O)CCCCCCC(=O)NO)c3)CC1)C2,6.4720554,6.1900344,5.517417,6.0325193
CC(C)(C)OC(=O)Nc1ccc(-c2ncc(C(=O)NCCCCCCC(=O)NO)s2)cc1,5.74622,6.4184337,5.955981,6.0273986
O=C(CCCCCCCC(O)c1ccc2ccccc2c1)NO,6.2241845,6.266658,5.6332927,6.027069
CC(C)c1cc(-n2nnc(C(=O)NCCCCCCC(=O)NO)c2-c2ccc(CN3CCOCC3)cc2)c(O)cc1O,5.6727033,6.0482826,6.3696613,6.0166874
CC(C)(C)NC(=O)[C@@H]1CCC[N+]12C([O-])[C@H](Cc1ccccc1)NC(=O)N2Cc1ccccc1,6.3731036,6.202437,5.534157,6.014044
CC(C)Cc1nc2cc(/C=C/C(=O)NO)ccc2n1CCCO,5.856936,6.281735,5.9052567,6.008772
CCCCCCNNC(=O)c1ccc(CNC(=O)CN2CCC(c3ccc(NC4CCC(=O)NC4=O)cc3)CC2)cc1,6.4031687,6.070637,5.602475,6.0072975
CN(c1ccc(OCCCC(=O)NO)cc1)c1ncnc2ccccc12,5.448107,6.3036613,6.3521814,6.004633
O=C(CCCCCCC(=O)Nc1cccc(-c2cn(-c3ccc(F)cc3)nn2)c1)NO,5.501661,6.2395086,6.319884,5.996845
O=C(NO)c1coc(-c2ccc3ccccc3c2)n1,5.5073557,6.611908,5.952654,5.990297
Cc1nc2c(c(N(C)c3ccc(OCCCCCC(=O)NO)cc3)n1)CCC2,5.5075817,6.1676917,6.351247,5.986202
CCc1cccc2c1NC(=O)/C2=C1\SC(=N)NC1=O,6.076142,6.315476,5.607198,5.9849005
CC(=O)NCCCC[C@@H]1NC(=O)C[C@H](CC(C)C)NC(=O)[C@H](Cc2c[nH]c3ccccc23)NC(=O)[C@H](CSCCC(=O)O)NC1=O,6.4886293,5.7806716,5.729358,5.9803166
Cn1cc(CN2CC3(CCN(c4ncc(C(=O)NO)cn4)C3)C2)c2ccc(C#N)cc21,5.882344,6.3710246,5.708795,5.974558
S=C1Sc2cc(Cl)ccc2C2=NCCN12,6.2555203,6.3129625,5.410791,5.963279
COc1ncc(-c2cc3cnn(C(Cc4ccccc4)C(=O)NO)c3cn2)cn1,5.400087,6.4018703,6.1752114,5.9603715
O=C(CCCCCCC(=O)Nc1cccc(-c2cn(Cc3ccccc3)nn2)c1)NO,5.429827,6.2482133,6.283061,5.95981
CCCCc1nc2cc(/C=C/C(=O)NO)ccc2n1CCNC(C)C,5.786972,6.255217,5.8367887,5.9524336
CCC(=O)CCCCC[C@@H]1NC(=O)[C@H](C)N(C)C(=O)C[C@H](CC(C)C)NC(=O)[C@H](Cc2c[nH]c3ccccc23)NC1=O,6.365764,5.862086,5.593024,5.9233255
O=C(NO)c1coc(-c2ccc(Cl)cc2)n1,5.438391,6.617684,5.8226633,5.920302
O=C(CCCCC[C@H](NC(=O)[C@@H]1CC(=O)N1)C(=O)Nc1ccccc1)NO,6.359146,6.1311836,5.3608212,5.9184084
O=C(NO)c1coc(-c2ccccc2Br)n1,5.400966,6.621558,5.8480687,5.9151707
COc1cc(Oc2ccc3nc(/C=C/C(=O)NO)ccc3c2)cc(OC)c1OC,5.357612,6.200335,6.2742066,5.9134903
CC(C)(C)c1cc(C(=O)NOCCCCCC(=O)NO)cc(C(C)(C)C)c1,5.7644305,6.1248536,5.849629,5.909026
COc1c(OCCCCCC(=O)NO)ccc2c1N=C(NC(=O)c1ccccc1)N1CCN=C21,5.8122835,6.362055,5.602916,5.908887
Cn1cnc2cc(/C=C/C(=O)NO)ccc21,5.921315,6.416582,5.4629836,5.9080963
CC(C)(C)OC(=O)N[C@@H](Cc1c[nH]c2ccccc12)C(=O)N1CC2(C[C@H]1C(=O)NCCCCCC(=O)NO)SCCS2,6.255634,6.108752,5.4186378,5.9043064
O=C(CCCCCCCS)Nc1ccccc1,5.7826724,6.2432323,5.6933026,5.896819
CS(=O)(=O)c1cc([N+](=O)[O-])c2sc(N3CCN(CC4CCCCC4)C4(CC4)C3)nc(=O)c2c1,5.8010597,6.13257,5.7664313,5.8954897
CCC(=O)CCCCC[C@H](NC(=O)[C@H]1CC12CCN(C)CC2)c1ncc(-c2ccc(-c3cnccn3)cc2)[nH]1,5.468376,6.460479,5.831371,5.892252
CC(C)(C)OC(=O)N[C@@H](Cc1ccccc1)C(=O)N1CC2(C[C@H]1C(=O)NCCCCCC(=O)NO)SCCS2,6.3051276,6.069965,5.378454,5.890742
CC(C)CN(C[C@@H](O)[C@H](Cc1ccccc1)NC(=O)[C@]12CC[C@@H](C)[C@H](C)[C@H]1C1=CC[C@@H]3[C@@]4(C)C[C@@H](O)[C@H](O)[C@@](C)(CO)[C@@H]4CC[C@@]3(C)[C@]1(C)CC2)S(=O)(=O)c1ccc(N)cc1,6.476192,5.408483,5.8690095,5.885896
COc1ccc(-c2nc(N3CCOCC3)c3sc(CN(C)c4ncc(C(=O)NO)cn4)cc3n2)cn1,5.2382216,6.061706,6.4993653,5.8854027
CN(C)C(=O)/C=C/c1cc(C(F)(F)F)cc2c(=O)nc(N3CCN(CC4CCCCC4)CC3)sc12,5.85992,6.0395513,5.7447147,5.8789053
CCC(=O)CCCCC[C@H](NC(=O)[C@H]1CC12CCN(C)CC2)c1ncc(-c2ccc(-c3cccnc3)cc2)o1,5.2761025,6.3785567,6.082994,5.874269
CCC(=O)CCCCC[C@H](NC(=O)[C@H]1CC12CCN(C)CC2)c1ncc(-c2ccc3nnccc3c2)[nH]1,5.3597255,6.423455,5.91007,5.8655734
COc1ccc2cc(C(=O)NCCCCCCC(=O)NO)ccc2n1,5.786734,6.4782014,5.4221244,5.863929
O=C1COC[C@@H](c2ccccc2)N1c1ccc(-c2noc(C(F)(F)F)n2)cc1F,5.1962686,6.1606774,6.3669114,5.8613486
CCC(=O)CCCCC[C@H](NC(=O)C1=NOC2(CCN(C)CC2)C1)c1ncc(-c2cc3ccccc3nc2OC)[nH]1,5.750545,6.3938622,5.507069,5.860733
COc1ccc(C(=O)NO)cc1NCc1ccc(OCc2cn(CCCCCC(=O)Nc3cccc4c3C(=O)N(C3CCC(=O)NC3=O)C4=O)nn2)cc1,5.2314005,5.9800897,6.5126367,5.860261
CCC(=O)CCCCC[C@H](NC(=O)[C@H]1CC12CCN(CC)CC2)c1ncc(-c2cc3ccccc3nc2OC)o1,5.4727235,6.411122,5.749169,5.852042
Cc1cn([C@H]2C[C@H](n3cc(CNCC(=O)N(Cc4ccccc4)Cc4cc5cc(Cl)ccc5oc4=O)nn3)[C@@H](CO)O2)c(=O)[nH]c1=O,5.212933,6.015329,6.4611077,5.849724
Cc1coc(C(=O)CCCCC[C@H](NC(=O)C2CCN(C)CC2)c2ncc(-c3ccc(F)cc3)[nH]2)n1,5.3807025,6.4890876,5.777713,5.847577
Cc1cn([C@H]2C[C@H](n3cc(CNCc4cc5cc(Cl)ccc5oc4=O)nn3)[C@@H](CO)O2)c(=O)[nH]c1=O,5.299292,6.1550746,6.1763053,5.8470287
CC(C)CN(C[C@@H](O)[C@H](Cc1ccccc1)NC(=O)[C@]12CC[C@@H](C)[C@H](C)[C@H]1C1=CC[C@@H]3[C@@]4(C)CC[C@H](O)C(C)(C)[C@@H]4CC[C@@]3(C)[C@]1(C)CC2)S(=O)(=O)c1ccc(N)cc1,6.3415804,5.5086064,5.7442293,5.844407
CC(C)CN(C[C@@H](O)[C@H](Cc1ccccc1)NC(=O)[C@]1(C)CC[C@H]2C3=CC(=O)[C@@H]4[C@@]5(C)CC[C@H](O)C(C)(C)[C@@H]5CC[C@@]4(C)[C@]3(C)CC[C@@]2(C)C1)S(=O)(=O)c1ccc(N)cc1,6.319904,5.4794793,5.7785835,5.839051
CC(C)CN(C[C@@H](O)[C@H](Cc1ccccc1)NC(=O)[C@]1(C)CC[C@@H]2C3=CC(=O)[C@@H]4[C@@]5(C)CC[C@H](O)C(C)(C)[C@@H]5CC[C@@]4(C)[C@]3(C)CC[C@@]2(C)C1)S(=O)(=O)c1ccc(N)cc1,6.319795,5.4794974,5.778558,5.839018
COc1cc(NC(=O)NOCCCCCC(=O)NO)c2nccc(C)c2c1,5.6163125,6.4702296,5.509605,5.83535
O=C(CCCCCCn1cc(-c2ncnc3[nH]ccc23)cn1)NO,5.1295114,6.3404074,6.1844144,5.8324265
S=C1Sc2cc(Cl)ccc2C2=NCCCN12,6.043758,6.231695,5.285019,5.823614
S=C1Sc2cccc(I)c2C2=NCCN12,6.0836196,6.2321353,5.253593,5.8232026
Fc1cccc2c1SC(=S)N1CCCN=C21,6.001749,6.219553,5.2947755,5.8109493
O=C(/C=C/c1ccc2c(c1)nc(C1CCCCC1)n2CCCO)NO,5.7034383,6.267043,5.5129113,5.810687
O=C(NO)c1cccc(-c2nc(CSc3ccccc3)no2)c1,5.058638,6.269361,6.271912,5.80688
C#CCN(C)CCCOc1cccc(NC(=O)CCCCCCC(=O)NO)c1Cl,5.516809,6.328165,5.63752,5.806405
CCCCC(=O)N[C@@H](CSCCOCCOCCSC[C@H](NC(=O)CCCC)C(=O)N[C@@H](CC(C)C)C(=O)N[C@@H](Cc1ccccc1)C(N)=O)C(=O)N[C@@H](Cc1ccccc1)C(=O)O,6.257134,5.2920384,5.9536147,5.8055615
Oc1cccn(CCCCCCn2cc(-c3ccccc3)nn2)c1=S,5.093545,6.215504,6.2553678,5.801837
CC(C)CCc1c(OCCCCCCC(=O)NO)ccc2ccc(=O)oc12,5.0503993,6.1870084,6.345406,5.800156
Cc1cn([C@H]2C[C@H](n3cc(CNCc4cc5ccccc5oc4=O)nn3)[C@@H](CO)O2)c(=O)[nH]c1=O,5.1712146,6.211408,6.136869,5.799098
CN(Cc1nc2c(N3CCOCC3)nc(-c3ccncc3)nc2n1C)c1ncc(C(=O)NO)cn1,5.035772,5.847121,6.75749,5.796121
C#Cc1nc(/C=C\CCCCCC(=O)NO)cs1,5.6608605,6.257318,5.517094,5.7946463
Cc1ccc2c(c1)C1=NCCN1C(=S)S2,6.030497,6.1984067,5.2303767,5.7876353
Cc1ccc2c(c1)SC(=S)N1CCN=C21,6.030007,6.198088,5.2299385,5.7872133
Cn1c([C@@H]2CCC(=O)N2c2ccc(-c3noc(C(F)(F)F)n3)cc2F)nc2ccccc21,4.995128,5.9614196,6.608747,5.7775087
FC(F)(F)c1nc(-c2ccc(CNCC3CN(Cc4ccccc4)CCO3)nc2)no1,5.065741,6.2708097,6.152554,5.7758102
CC12CC3CC(C)(C1)CC(NCc1cccc(NC(=O)CCCCCCC(=O)NO)c1)(C3)C2,5.593489,5.9762225,5.7551374,5.7707086
CCCCCCCCCCCCCCCCNNC(=O)c1cccs1,5.5523286,6.0947094,5.6884837,5.7695065
O=C(O)CCCC#CC#C/C=C/CCCC/C=C/C#CBr,5.4569077,6.1006308,5.78189,5.7678413
Cc1ccc(C(=O)NOCCCCCC(=O)NO)cc1C,5.7274346,6.2123303,5.416427,5.767102
O=C(NO)[C@H](Cc1ccccc1)n1nnc(-c2ccccc2)c1C#CC1CC1,5.7157383,6.3353143,5.336291,5.767046
CN(Cc1nnc(-c2ccccc2)o1)c1nc(=O)c2cc(S(C)(=O)=O)cc([N+](=O)[O-])c2s1,4.77569,5.801703,7.1942334,5.7608414
CCC(=O)CCCCC[C@H](NC(=O)C1CN(C)C1)c1[nH]c(-c2ccccc2)nc1C(N)=O,5.759913,6.172518,5.35481,5.743054
CS(=O)(=O)N1CC(C(=O)N(Cc2ccc(-c3noc(C(F)(F)F)n3)cn2)c2cccc(F)c2)C1,5.0038276,5.970163,6.431434,5.73797
O=C1NCCc2ccccc2C1NCc1ccc(-c2noc(C(F)(F)F)n2)cn1,4.9280934,6.1021447,6.4077525,5.7377176
CC(C)[C@@H]1NC(=O)[C@]2(C)CSC(=N2)c2csc(n2)CNC(=O)C[C@H](/C(F)=C/CCS)OC1=O,6.034678,5.943196,5.2934217,5.7374287
COc1cccc2cc(CNCc3cn([C@H]4C[C@H](n5cc(C)c(=O)[nH]c5=O)O[C@@H]4CO)nn3)c(=O)oc12,5.0639534,5.9856553,6.2881274,5.729892
CC1(C)CC[C@]2(C(=O)OCc3ccccc3)CC[C@]3(C)C(=CC[C@@H]4[C@@]5(C)C[C@@H](OC(=O)c6ccccc6C(=O)O)[C@H](O)C(C)(C)[C@@H]5CC[C@]43C)[C@@H]2C1,5.742197,5.9182897,5.538199,5.728676
CCC(=O)CCCCC[C@H](NC(=O)[C@@H]1CC12CCOCC2)c1ncc(-c2cc3ccccc3nc2OC)[nH]1,5.507545,6.366414,5.394472,5.724991
O=C(NC(Cc1ccc(-c2noc(C(F)(F)F)n2)cn1)c1cccc(C(F)(F)F)c1)C1CCOCC1,4.947843,5.99185,6.439112,5.721887
O=c1ccc2ccccc2n1Cc1ccc(-c2noc(C(F)(F)F)n2)cc1,4.7931695,5.8081737,6.9344277,5.7141833
Cc1nc2cc(F)ccc2n1Cc1ccc(-c2noc(C(F)(F)F)n2)cc1F,4.7342935,5.7717414,7.1031165,5.7113924
O=C1COC[C@@H](c2ccccc2)N1c1ccc(-c2noc(C(F)(F)F)n2)nc1,4.8721313,6.055404,6.4431443,5.707823
C[C@@H](N)C(=O)NCc1nnc(-c2ccc([N+](=O)[O-])cc2)o1,4.818815,6.0739408,6.496881,5.7025805
CCC(=O)CCCCC[C@H](NC(=O)[C@H]1CC12CCN(C)CC2)c1[nH]c(-c2ccc(F)cc2)nc1C#N,5.683864,6.0880876,5.3791575,5.7023973
O=C(Nc1ccccc1)c1ccccc1NCc1ccc(-c2noc(C(F)(F)F)n2)cn1,4.75929,5.8078904,6.942503,5.69979
CC(C(=O)N(Cc1ccc(-c2noc(C(F)(F)F)n2)cc1)c1cccc(C(F)(F)F)c1)c1ncccn1,4.6060977,5.7914414,7.319721,5.6992035
CC(=O)CCCCC[C@H](NC(=O)C1CCCCN1C)C(=O)Nc1nc(-c2ccccc2)cs1,5.773846,6.1210604,5.255881,5.6944556
COc1cc(OC)cc(N(CCNC(C)C)c2ccc3ncc(-c4cnn(CCOc5ccc(C(=O)NO)cc5)c4)nc3c2)c1,4.9046636,5.8313255,6.5950527,5.6925564
O=C(CCc1ccccc1)NO,5.8562164,6.1265845,5.1766696,5.6909127
CC(C)[C@H](N)C(=O)N[C@]1(Cc2ccccc2)CC[N+]2(CCC[C@H]2C(=O)NC(=O)[C@@H](NC(C)(C)C)C(C)C)C1[O-],5.969213,5.8205404,5.3165693,5.688036
CCCCCCCC(=O)SCC/C=C/[C@@H]1CC(=O)N[C@H](C(C)C)C(=O)N[C@H](C)C(=O)N[C@H](C(C)C)C(=O)NCC(=O)O1,6.0898943,5.6078186,5.3997645,5.684809
CCC(=O)CCCCC[C@H](NC(=O)[C@H]1CC12CCN(C(C)C)CC2)c1ncc(-c2cc3ccc(C)nc3cc2OC)[nH]1,5.650386,6.160011,5.306005,5.6841636
O=C(C1CCS(=O)(=O)C1)N(Cc1ccc(-c2noc(C(F)(F)F)n2)cn1)c1cccc(F)c1,4.8055873,5.8989506,6.6109614,5.6724
O=C1NCCCCC1NCc1ccc(-c2noc(C(F)(F)F)n2)cn1,4.8115773,6.064506,6.390058,5.6687303
CCc1nnc([C@@H]2CCC(=O)N2c2cc(F)c(-c3noc(C(F)(F)F)n3)cc2F)o1,4.2194695,5.989864,7.9772596,5.6678457
CCCCCC[C@H](CCCCCC(=O)Nc1ccccc1)C(=O)NO,5.542772,6.1922803,5.3268495,5.664281
COc1cccc(NCc2ccc(-c3noc(C(F)(F)F)n3)cc2)c1,4.791179,5.9363503,6.5343027,5.6581454
CC(=O)NC(Cc1ccc(-c2noc(C(F)(F)F)n2)cn1)c1cccc(C(F)(F)F)c1,4.772968,5.8377337,6.6848917,5.6560698
C[n+]1ccsc1Br,5.826916,6.1092615,5.1217284,5.6545115
CCC(=O)CCCCC[C@H](NC(=O)[C@@H]1CC12CN(C)C2)c1ncc(-c2cc3ccccc3nc2OC)[nH]1,5.760622,6.218141,5.0978518,5.654262
CC(C)C(=O)NC(Cc1ccc(-c2noc(C(F)(F)F)n2)cn1)c1cccc(C(F)(F)F)c1,4.7849145,5.849372,6.6351542,5.6533256
O=C1CCc2cccc(C(F)(F)F)c2N1Cc1ccc(-c2noc(C(F)(F)F)n2)cn1,4.6267424,5.751781,7.071571,5.6454086
CC(C)NC(=O)c1ccccc1NCc1ccc(-c2noc(C(F)(F)F)n2)cn1,4.709474,5.901637,6.660706,5.6399803
O=C(CCCCC[C@H](NC(=O)C1CCCNC1=O)C(=O)Nc1ccccc1)NO,5.899105,6.029182,5.0706143,5.6328297
O=C(NO)N1CCN(C(=S)N/N=C/c2ccccc2O)CC1,5.7453804,6.149163,5.0849586,5.6249814
CN1C(=O)CNC(=O)/C1=C/c1ccc(OCC(=O)NO)cc1,5.4979415,6.261131,5.206555,5.621479
CCC(=O)CCCCC[C@H](NC(=O)[C@H]1CC12CCN(CC)CC2)c1[nH]c(-c2ccc(F)cc2)nc1C#N,5.6523647,6.0489674,5.2206216,5.620265
CC(=O)CCCCC[C@H](NC1CCCCN1C)C(=O)Nc1nc(-c2ccccc2)cs1,5.6557746,6.109729,5.165963,5.6173615
C[C@]12CC[C@@H]3c4ccc(O)cc4CC[C@H]3[C@@H]1CC[C@@]2(O)c1cn(CCCC(=O)NO)nn1,5.234734,6.4166474,5.305116,5.6035633
NC(=O)c1cccc(NCc2ccc(-c3noc(C(F)(F)F)n3)cn2)c1,4.5873,5.801511,6.877628,5.599511
COc1cc2c(cc1-c1c(C)noc1C)[nH]c1ncnc(NCCCCCCC(=O)NO)c12,4.6497645,5.8817806,6.631683,5.598347
CC12CC3CC(C)(C1)CC(NC(=O)CCCCCCCCC(=O)NO)(C3)C2,5.3063703,6.15433,5.379249,5.5882626
CCOC(=O)N1CCN(c2ccc(-c3noc(C(F)(F)F)n3)cn2)C(c2ccccc2)C1,4.636033,5.881694,6.6149955,5.5877113
COC[C@@H]1CCCC1c1ccc(C(=O)NO)cc1,6.013275,5.990743,4.9060173,5.586028
CNC(=O)CCCCCCCn1nc(-c2ccc3oc(N)nc3c2)c2c(N)ncnc21,4.521726,5.794561,6.969948,5.584479
COc1ccc(-c2cc(OCCN(C)c3ncc(C(=O)NO)cn3)c3ncnc(C)c3c2)cn1,4.548042,5.8151426,6.8734965,5.5832024
O=C(NC(Cc1ccc(-c2noc(C(F)(F)F)n2)cn1)c1cccc(C(F)(F)F)c1)c1ncccn1,4.4353437,5.7645216,7.2027926,5.578576
CC1(C)CC[C@]2(C(=O)O)CC[C@]3(C)C(=CC[C@@H]4[C@@](C)(CC(=O)O)[C@H](C(C)(C)C(=O)O)CC[C@]43C)[C@H]2C1,5.2934346,5.736483,5.724644,5.5770435
O=C(c1cncnc1)N(Cc1ccc(-c2noc(C(F)(F)F)n2)cc1)c1cccc(C(F)(F)F)c1,4.358196,5.7462916,7.4179735,5.5732484
Fc1cc(COc2ccc3ncnn3c2)ccc1-c1noc(C(F)(F)F)n1,4.134863,5.8666673,7.843776,5.5577154
O=C(CCCCCCc1nc(-c2ccc([N+](=O)[O-])cc2)no1)C(F)(F)F,4.4908185,5.7648425,6.9604645,5.5575066
CC(C)(C(=O)N(Cc1ccc(-c2noc(C(F)(F)F)n2)cn1)c1cccc(F)c1)n1cccn1,4.2969556,5.7749915,7.389646,5.5431576
COc1ccc(-c2noc(CCCCCCC(=O)C(F)(F)F)n2)cc1,4.547546,5.8340497,6.642582,5.5365853
Cc1noc([C@@H]2CCC(=O)N2c2ccc(-c3noc(C(F)(F)F)n3)c(F)c2)n1,4.1457376,5.8341584,7.6875467,5.527952
Cc1noc([C@H]2CCCCN2c2cc(F)c(-c3noc(C(F)(F)F)n3)cc2F)n1,4.1349325,5.831729,7.7107015,5.524785
CC1(C)CCC[C@](C)([C@H]2CC[C@]3(C)[C@@H]2C(=O)C[C@@H]2[C@@]4(C)CC[C@H](OC(=O)CC(C)(C)C(=O)O)C(C)(C)[C@@H]4CC[C@]23C)O1,5.3847623,5.7746778,5.417844,5.5202427
FC(F)(F)c1nc(-c2ccnc(OCCc3cccc4cn[nH]c34)c2)no1,4.1346087,5.822432,7.688868,5.518068
Cc1cccc(CCNC(=O)[C@H](CCCCCS)NC(=O)[C@@H]2CCCC(=O)N2)c1,5.750519,5.980196,4.9309793,5.515564
NCCCC(=O)N1CC2(C[C@H]1C(=O)NCCCCCC(=O)NO)SCCS2,5.3594856,6.118522,5.156635,5.515232
O=C(CCCCNCc1ccccc1)NO,5.5459228,6.040049,5.0459895,5.514185
Cn1ncc(NCc2ccc(-c3noc(C(F)(F)F)n3)cn2)n1,4.26351,5.793693,7.3010707,5.513528
N#Cc1ccc2c(=O)nc(N3CCN(CC4CCCCC4)CC3)sc2n1,5.4126945,6.124005,5.0989485,5.5130687
NCCCC[C@H](N)C(=O)N1CC2(C[C@H]1C(=O)NCCCCCC(=O)NO)SCCS2,5.5258985,6.0251493,5.0672984,5.51186
CCC(=O)CCCCC[C@H](NC(=O)C1CCC2(CC1)CN(C)C2)c1ncc(-c2cc3ccccc3nc2OC)[nH]1,5.441631,6.1856017,5.0232778,5.5095673
FC(F)(F)c1nc(-c2ccc(CNc3cc[nH]n3)nc2)no1,4.3676276,5.7791104,7.008154,5.5077686
O=C(NO)c1ccc(-c2cn(CC34CC5CC(CC(C5)C3)C4)nn2)s1,5.6954284,6.0553236,4.8966804,5.5051594
COc1ccc(OCc2ccc(-c3noc(C(F)(F)F)n3)c(F)c2)nc1,4.2345877,5.7034316,7.368626,5.4825163
CC1(C)CCC[C@](C)([C@H]2CC[C@]3(C)[C@@H]2[C@H](O)C[C@@H]2[C@@]4(C)CC[C@H](OC(=O)CC(C)(C)C(=O)O)C(C)(C)[C@@H]4CC[C@]23C)O1,5.435438,5.763655,5.265517,5.4805164
Cc1ccncc1COc1ccc(-c2noc(C(F)(F)F)n2)cn1,4.117051,5.7756257,7.605244,5.4792323
FC(F)(F)c1nc(-c2ccc(COc3ccc4ccccc4n3)nc2)no1,4.229782,5.7306147,7.3051033,5.476344
CCC(=O)CCCCC[C@H](NC(=O)[C@@H]1CCC12CCN(CC)CC2)c1ncc(-c2cc3ccccc3nc2OC)[nH]1,5.4537416,6.125768,4.9278884,5.459192
CCCC(=O)O[C@@H]1C[C@]2(C)[C@H]3CC=C4[C@@H]5CC(C)(C)CC[C@]5(C(=O)O)CC[C@@]4(C)[C@]3(C)CC[C@H]2C(C)(C)[C@H]1OC(=O)CCC,5.490819,5.781551,5.1428113,5.4591875
CNC(=O)OCc1ccc(-c2noc(C(F)(F)F)n2)cn1,4.370542,5.720118,6.8465676,5.4576735
FC(F)(F)c1nc(-c2ccc(CNc3cnccn3)nc2)no1,4.1729264,5.7420063,7.3075585,5.448208
O=C(NO)c1ccc2c(c1)CC(Nc1ncccn1)CC2,5.4114413,6.1347904,4.92481,5.44611
O=C1CC[C@H](C(=O)N[C@@H](CCCCCS)C(=O)Nc2ccccc2)N1,5.7090425,5.9365478,4.8192677,5.4435673
CC1(C)CCC[C@](C)([C@H]2CC[C@]3(C)[C@@H]2[C@H](O)C[C@@H]2[C@@]4(C)C[C@](O)(C(=O)O)C(C)(C)[C@@H]4C(=O)C[C@]23C)O1,5.3467965,5.765678,5.2289367,5.4376245
FC(F)(F)c1nc(-c2ccc(CNc3ccc4nccn4c3)nc2)no1,4.230494,5.7083406,7.119476,5.4345756
COC(=O)[C@@H](NC(=O)[C@]12CCC(C)(C)C[C@@H]1C1=CC[C@@H]3[C@@]4(C)CC[C@H](OC(C)=O)C(C)(C)[C@@H]4CC[C@@]3(C)[C@]1(C)CC2)C(C)C,5.6625023,5.5735197,5.085193,5.428198
O=C1CN[C@H](Cc2ccccc2)C(=O)N1,5.6869,5.9448757,4.792962,5.4279575
O=C(/C=C/c1ccc(CNCC2CCCCC2)c(F)c1)NO,5.5643506,5.963512,4.858293,5.422645
CC(C)[C@@H]1NC(=O)[C@]2(C)CSC(=N2)c2ccnc(c2)CNC(=O)C[C@@H](/C=C/CCS)OC1=O,5.656034,5.8585544,4.855295,5.4205084
O=C(CCCCc1ccn(-c2ccccc2)n1)NO,5.2686877,6.264068,4.8832464,5.412983
O=C(/C=C/c1cccc(CNC23CC4CC(CC(C4)C2)C3)c1)NO,5.7459435,5.9045525,4.7137504,5.4001317
CC12CC3CC(C)(C1)CC(NS(=O)(=O)c1ccc(/C=C/C(=O)NO)cc1)(C3)C2,5.5161066,5.9110937,4.8001103,5.3687506
COC(=O)[C@@H](NC(=O)[C@]12CCC(C)(C)C[C@@H]1C1=CC[C@@H]3[C@@]4(C)CC[C@H](O)C(C)(C)[C@@H]4CC[C@@]3(C)[C@]1(C)CC2)C(C)C,5.514165,5.679219,4.954553,5.3641715
O=C(CCN1CCN(C(=O)Nc2ccnc3ccccc23)CC1)NO,5.444059,5.993711,4.740878,5.343218
NCC(=O)N1CC2(C[C@H]1C(=O)NCCCCCC(=O)NO)SCCS2,5.2527595,5.9957204,4.833813,5.3187923
O=C(CCCCCNC(=O)NC12CC3CC(CC(C3)C1)C2)NO,5.4590054,5.6836023,4.555287,5.18445
O=C(NO)C(Cc1ccccc1)n1cc2c(n1)CCCC2,5.3100314,5.798716,4.54486,5.165258
O=C(NO)c1ccc(C2CCCC2)cc1,5.285998,5.6315417,4.383036,5.042842
CN1CCN(c2ccc(C(=O)NNCC3CC3)cc2)CC1,5.2372785,5.6553454,4.3218217,5.0071216
CN1CCN(C(=O)[C@H](N)Cc2ccccc2)CC1,5.051298,5.5646024,4.214976,4.878639
CCCCNNC(=O)c1ccc(N2CCN(C)CC2)cc1,4.8836513,5.6437526,4.257405,4.863523
CCCNNC(=O)c1ccc(N2CCN(C)CC2)cc1,4.8511195,5.5430903,4.1534715,4.782361
C[n+]1cccnc1I,4.4982386,5.542852,4.1208005,4.64833
C#Cc1cnc[n+](C)c1,4.3368297,5.487069,4.0181627,4.533778
